{
  "hash": "e398ad0b",
  "configHash": "85b5aa00",
  "lockfileHash": "c4edf84e",
  "browserHash": "c1790a7d",
  "optimized": {
    "@angular/common": {
      "src": "../../../../../node_modules/@angular/common/fesm2022/common.mjs",
      "file": "@angular_common.js",
      "fileHash": "3ce59a49",
      "needsInterop": false
    },
    "@angular/common/http": {
      "src": "../../../../../node_modules/@angular/common/fesm2022/http.mjs",
      "file": "@angular_common_http.js",
      "fileHash": "727ea70d",
      "needsInterop": false
    },
    "@angular/core": {
      "src": "../../../../../node_modules/@angular/core/fesm2022/core.mjs",
      "file": "@angular_core.js",
      "fileHash": "58113922",
      "needsInterop": false
    },
    "@angular/forms": {
      "src": "../../../../../node_modules/@angular/forms/fesm2022/forms.mjs",
      "file": "@angular_forms.js",
      "fileHash": "c7db37c3",
      "needsInterop": false
    },
    "@angular/platform-browser": {
      "src": "../../../../../node_modules/@angular/platform-browser/fesm2022/platform-browser.mjs",
      "file": "@angular_platform-browser.js",
      "fileHash": "35584e46",
      "needsInterop": false
    },
    "@angular/router": {
      "src": "../../../../../node_modules/@angular/router/fesm2022/router.mjs",
      "file": "@angular_router.js",
      "fileHash": "a98539a6",
      "needsInterop": false
    }
  },
  "chunks": {
    "chunk-N2QL4EX3": {
      "file": "chunk-N2QL4EX3.js"
    },
    "chunk-Y7OYLMFE": {
      "file": "chunk-Y7OYLMFE.js"
    },
    "chunk-26ZBG2U3": {
      "file": "chunk-26ZBG2U3.js"
    },
    "chunk-HZEFKQQ5": {
      "file": "chunk-HZEFKQQ5.js"
    }
  }
}